{"loss": [9.714948032707568, 7.256082844892085, 6.747128572527147, 6.428947631254891, 6.1795696650119805], "rows_loss": [2.717930793762207, 1.7113703489303589, 1.4913251399993896, 1.3595991134643555, 1.2655025720596313], "cols_loss": [2.762270212173462, 1.7350378036499023, 1.546428918838501, 1.4073525667190552, 1.289859414100647], "rotation_angle_loss": [0.3349069654941559, 0.30804651975631714, 0.3045618236064911, 0.3010671138763428, 0.2997625470161438], "multiply_factor_loss": [0.2883514165878296, 0.18085092306137085, 0.14720191061496735, 0.13448235392570496, 0.12084827572107315], "changed_color_old_loss": [0.13385318219661713, 0.11462029814720154, 0.11298800259828568, 0.11123625189065933, 0.11114808917045593], "changed_color_new_loss": [0.16214127838611603, 0.14199014008045197, 0.13914920389652252, 0.13792304694652557, 0.13645817339420319], "removed_line_or_column_loss": [0.4008120894432068, 0.3687881529331207, 0.3596748411655426, 0.35532957315444946, 0.350493460893631], "removed_line_nr_loss": [1.25947105884552, 1.1733649969100952, 1.15421724319458, 1.1439335346221924, 1.1396434307098389], "shifted_line_or_column_loss": [0.40696701407432556, 0.37917986512184143, 0.37375956773757935, 0.3701505661010742, 0.36657825112342834], "shifted_line_nr_loss": [1.243652105331421, 1.1401351690292358, 1.116819143295288, 1.1067959070205688, 1.098172903060913]}