{"loss": [9.26632589197655, 6.713488930221312, 6.157531141445337, 5.8320023916527814, 5.595530069652547], "rows_loss": [2.7104122638702393, 1.6937626600265503, 1.4711331129074097, 1.336862564086914, 1.2349023818969727], "cols_loss": [2.6962215900421143, 1.6557953357696533, 1.4312077760696411, 1.3013036251068115, 1.2117844820022583], "rotation_angle_loss": [0.25864991545677185, 0.23537038266658783, 0.2288692146539688, 0.2269938886165619, 0.2239738553762436], "multiply_factor_loss": [0.2541451156139374, 0.20901522040367126, 0.19994132220745087, 0.19319793581962585, 0.1877020299434662], "changed_color_old_loss": [0.1045069694519043, 0.08795653283596039, 0.08626111596822739, 0.08639416843652725, 0.08564256131649017], "changed_color_new_loss": [0.12686438858509064, 0.108677938580513, 0.10677706450223923, 0.10624224692583084, 0.10514591634273529], "removed_row_or_column_loss": [0.3115105926990509, 0.2778398394584656, 0.2678327262401581, 0.26170358061790466, 0.25569823384284973], "removed_line_nr_loss": [0.9599162936210632, 0.8552076816558838, 0.8325280547142029, 0.8231765031814575, 0.8177295327186584], "shifted_row_or_column_loss": [0.31528839468955994, 0.2888154089450836, 0.2828240394592285, 0.27516210079193115, 0.272760808467865], "shifted_line_nr_loss": [1.0080357789993286, 0.8740472793579102, 0.8492965698242188, 0.8341673016548157, 0.8262154459953308], "multiply_rotation_factor_loss": [0.26094862818717957, 0.20999255776405334, 0.19825544953346252, 0.19223815202713013, 0.1878211945295334], "multiply_mirror_factor_loss": [0.25707268714904785, 0.214381143450737, 0.2014121264219284, 0.1935042142868042, 0.18623828887939453]}